{
  "dataset": "BNCI2014_001",
  "subjects": [
    1,
    2
  ],
  "within_mean": 0.8071258664131165,
  "cross_subject_loso_mean": 0.6031539440155029,
  "loso_gap": 0.20397192239761353,
  "per_subject_loso": {
    "1": 0.7008101940155029,
    "2": 0.517553985118866
  },
  "chance": 0.5
}