{
  "document_ref": "OS-BSFF-CORE-2026.1",
  "pipeline_status": "EXECUTION_COMPLETE",
  "phase": "PHASE_1_OPERATIONAL_KERNEL",
  "gates": {
    "miaaft_convergence": {
      "engine": "miaaft_common_phase",
      "covariance_rmsd": 0.0009326820393120047,
      "covariance_relative_rmsd": 0.0013074054436388017,
      "mean_abs_spectrum_error": 0.3748889649141437,
      "relative_spectrum_error": 0.01496180145184023,
      "convergence_delta": 0.0005063805079669192,
      "n_iter_actual": 33,
      "max_iter": 200,
      "tol": 0.001,
      "converged": true,
      "warning": ""
    },
    "ar1_null_not_rejected": {
      "original_statistic": 0.02516474386644175,
      "surrogate_statistics": [
        0.021376479823084164,
        0.0034841579062649185,
        0.009411369355378361,
        0.04376801695546345,
        0.06305629247345462,
        0.02514717760223251,
        0.03907792903519438,
        0.04502314716634421,
        0.009666981474029234,
        0.033244936008875146,
        0.09278099749761662,
        0.01204772976912891,
        0.03640575156118873,
        0.005834277546504727,
        0.0034621847877136457,
        0.018646090968222173,
        0.002167323378336614,
        0.007458134918291497,
        0.014851493802018653
      ],
      "p_value": 0.4,
      "alpha": 0.05,
      "rejected": false
    },
    "henon_power_smoke": {
      "original_statistic": 0.6704736455669389,
      "surrogate_statistics": [
        0.08382540533620803,
        0.040568873701405224,
        0.07920657430846362,
        0.08038082198844737,
        0.1111383487663741,
        0.14413256579593683,
        0.11109485703595519,
        0.06741683286676903,
        0.09520714785382048,
        0.068790708970102,
        0.08926764847231777,
        0.07346759376491034,
        0.08911887736050003,
        0.06056249879761799,
        0.06223795428447586,
        0.10237263431580035,
        0.08747113980941415,
        0.11512796239798379,
        0.04429981485194484
      ],
      "p_value": 0.05,
      "alpha": 0.05,
      "rejected": true
    },
    "block_design_leakage": {
      "detector": "block_design_temporal_autocorrelation",
      "flagged": true,
      "mean_block_label_purity": 1.0,
      "label_transition_rate": 0.05759162303664921,
      "n_blocks": 12
    },
    "verdict_json": {
      "claim_id": "bsff-cli-smoke",
      "verdict": "SURVIVED",
      "p_value": 0.05,
      "original_statistic": 0.6704736455669389,
      "surrogate_min": 0.040568873701405224,
      "surrogate_max": 0.14413256579593683,
      "leakage_flags": {},
      "evidence": {
        "stationarity_gate": {
          "detector": "kpss_stationarity_gate",
          "alpha": 0.05,
          "all_stationary": true,
          "n_channels_failed": 0,
          "channel_results": [
            {
              "channel": 0,
              "statistic": 0.40849338702850035,
              "p_value": 0.07349422972909468,
              "lags": 40,
              "stationary": true
            }
          ]
        },
        "surrogate_test": {
          "original_statistic": 0.6704736455669389,
          "surrogate_statistics": [
            0.08382540533620803,
            0.040568873701405224,
            0.07920657430846362,
            0.08038082198844737,
            0.1111383487663741,
            0.14413256579593683,
            0.11109485703595519,
            0.06741683286676903,
            0.09520714785382048,
            0.068790708970102,
            0.08926764847231777,
            0.07346759376491034,
            0.08911887736050003,
            0.06056249879761799,
            0.06223795428447586,
            0.10237263431580035,
            0.08747113980941415,
            0.11512796239798379,
            0.04429981485194484
          ],
          "p_value": 0.05,
          "alpha": 0.05,
          "rejected": true
        }
      },
      "caveats": [
        "Low surrogate count: suitable for CI smoke, not final evidence."
      ]
    },
    "surrogate_budget_calibration": {
      "selected_max_iter": 40,
      "accepted": true,
      "criteria": {
        "tol": 0.001,
        "max_relative_spectrum_error": 0.05,
        "max_covariance_relative_rmsd": 0.01
      },
      "candidates": [
        {
          "max_iter": 20,
          "converged": false,
          "n_iter_actual": 20,
          "convergence_delta": 0.005709401351555565,
          "relative_spectrum_error": 0.017369042025025407,
          "covariance_relative_rmsd": 0.0014642792049872869,
          "accepted": false
        },
        {
          "max_iter": 40,
          "converged": true,
          "n_iter_actual": 33,
          "convergence_delta": 0.0005063805079669192,
          "relative_spectrum_error": 0.01496180145184023,
          "covariance_relative_rmsd": 0.0013074054436388017,
          "accepted": true
        }
      ]
    },
    "rank_order_min_surrogates_alpha_0_05": 19
  },
  "status": "SURVIVED_PHASE_1_GATES",
  "artifact_sha256": "87a9abf59f702a3f59955038a1468553174c494380102eb0324f4e927c26ac88"
}